Site,Product,Day,Demand
1,Sugar,1,11
1,Sugar,2,8
1,Sugar,3,15
1,Sugar,4,12
1,Sugar,5,9
1,Sugar,6,11
1,Sugar,7,14
1,Sugar,8,7
1,Sugar,9,11
1,Sugar,10,15
1,Sugar,11,15
1,Sugar,12,12
1,Sugar,13,9
1,Sugar,14,8
1,Sugar,15,50
1,Sugar,16,12
1,Sugar,17,7
1,Sugar,18,10
1,Sugar,19,9
1,Sugar,20,6
1,Sugar,21,12
1,Sugar,22,10
1,Sugar,23,6
1,Sugar,24,9
1,Sugar,25,5
1,Sugar,26,14
1,Sugar,27,10
1,Sugar,28,13
1,Sugar,29,5
1,Sugar,30,15
1,PowderMilk,1,5
1,PowderMilk,2,9
1,PowderMilk,3,4
1,PowderMilk,4,10
1,PowderMilk,5,6
1,PowderMilk,6,6
1,PowderMilk,7,10
1,PowderMilk,8,9
1,PowderMilk,9,8
1,PowderMilk,10,8
1,PowderMilk,11,35
1,PowderMilk,12,8
1,PowderMilk,13,5
1,PowderMilk,14,6
1,PowderMilk,15,9
1,PowderMilk,16,6
1,PowderMilk,17,10
1,PowderMilk,18,34
1,PowderMilk,19,5
1,PowderMilk,20,7
1,PowderMilk,21,5
1,PowderMilk,22,9
1,PowderMilk,23,7
1,PowderMilk,24,3
1,PowderMilk,25,9
1,PowderMilk,26,4
1,PowderMilk,27,11
1,PowderMilk,28,3
1,PowderMilk,29,6
1,PowderMilk,30,8
1,Flavour,1,2
1,Flavour,2,2
1,Flavour,3,1
1,Flavour,4,5
1,Flavour,5,1
1,Flavour,6,2
1,Flavour,7,4
1,Flavour,8,4
1,Flavour,9,3
1,Flavour,10,4
1,Flavour,11,3
1,Flavour,12,4
1,Flavour,13,1
1,Flavour,14,4
1,Flavour,15,3
1,Flavour,16,9
1,Flavour,17,2
1,Flavour,18,1
1,Flavour,19,4
1,Flavour,20,2
1,Flavour,21,4
1,Flavour,22,4
1,Flavour,23,2
1,Flavour,24,2
1,Flavour,25,2
1,Flavour,26,2
1,Flavour,27,2
1,Flavour,28,4
1,Flavour,29,2
1,Flavour,30,1
2,Sugar,1,6
2,Sugar,2,14
2,Sugar,3,6
2,Sugar,4,14
2,Sugar,5,8
2,Sugar,6,12
2,Sugar,7,11
2,Sugar,8,13
2,Sugar,9,12
2,Sugar,10,9
2,Sugar,11,6
2,Sugar,12,9
2,Sugar,13,12
2,Sugar,14,14
2,Sugar,15,34
2,Sugar,16,13
2,Sugar,17,5
2,Sugar,18,13
2,Sugar,19,11
2,Sugar,20,13
2,Sugar,21,12
2,Sugar,22,5
2,Sugar,23,12
2,Sugar,24,12
2,Sugar,25,15
2,Sugar,26,7
2,Sugar,27,5
2,Sugar,28,12
2,Sugar,29,7
2,Sugar,30,7
2,PowderMilk,1,3
2,PowderMilk,2,5
2,PowderMilk,3,7
2,PowderMilk,4,4
2,PowderMilk,5,9
2,PowderMilk,6,4
2,PowderMilk,7,3
2,PowderMilk,8,6
2,PowderMilk,9,9
2,PowderMilk,10,3
2,PowderMilk,11,10
2,PowderMilk,12,6
2,PowderMilk,13,4
2,PowderMilk,14,3
2,PowderMilk,15,10
2,PowderMilk,16,9
2,PowderMilk,17,9
2,PowderMilk,18,8
2,PowderMilk,19,10
2,PowderMilk,20,7
2,PowderMilk,21,5
2,PowderMilk,22,6
2,PowderMilk,23,10
2,PowderMilk,24,8
2,PowderMilk,25,5
2,PowderMilk,26,5
2,PowderMilk,27,3
2,PowderMilk,28,5
2,PowderMilk,29,7
2,PowderMilk,30,9
2,Flavour,1,2
2,Flavour,2,3
2,Flavour,3,1
2,Flavour,4,10
2,Flavour,5,2
2,Flavour,6,3
2,Flavour,7,3
2,Flavour,8,2
2,Flavour,9,3
2,Flavour,10,3
2,Flavour,11,1
2,Flavour,12,3
2,Flavour,13,3
2,Flavour,14,2
2,Flavour,15,2
2,Flavour,16,4
2,Flavour,17,1
2,Flavour,18,3
2,Flavour,19,3
2,Flavour,20,4
2,Flavour,21,3
2,Flavour,22,1
2,Flavour,23,4
2,Flavour,24,1
2,Flavour,25,4
2,Flavour,26,4
2,Flavour,27,2
2,Flavour,28,1
2,Flavour,29,3
2,Flavour,30,3
3,Sugar,1,15
3,Sugar,2,8
3,Sugar,3,11
3,Sugar,4,30
3,Sugar,5,7
3,Sugar,6,10
3,Sugar,7,6
3,Sugar,8,14
3,Sugar,9,13
3,Sugar,10,9
3,Sugar,11,10
3,Sugar,12,8
3,Sugar,13,15
3,Sugar,14,14
3,Sugar,15,11
3,Sugar,16,13
3,Sugar,17,11
3,Sugar,18,5
3,Sugar,19,5
3,Sugar,20,13
3,Sugar,21,15
3,Sugar,22,13
3,Sugar,23,8
3,Sugar,24,13
3,Sugar,25,7
3,Sugar,26,11
3,Sugar,27,10
3,Sugar,28,12
3,Sugar,29,15
3,Sugar,30,13
3,PowderMilk,1,8
3,PowderMilk,2,7
3,PowderMilk,3,3
3,PowderMilk,4,5
3,PowderMilk,5,4
3,PowderMilk,6,6
3,PowderMilk,7,10
3,PowderMilk,8,9
3,PowderMilk,9,5
3,PowderMilk,10,8
3,PowderMilk,11,10
3,PowderMilk,12,10
3,PowderMilk,13,10
3,PowderMilk,14,3
3,PowderMilk,15,6
3,PowderMilk,16,3
3,PowderMilk,17,8
3,PowderMilk,18,3
3,PowderMilk,19,4
3,PowderMilk,20,6
3,PowderMilk,21,6
3,PowderMilk,22,8
3,PowderMilk,23,9
3,PowderMilk,24,4
3,PowderMilk,25,5
3,PowderMilk,26,3
3,PowderMilk,27,7
3,PowderMilk,28,3
3,PowderMilk,29,10
3,PowderMilk,30,3
3,Flavour,1,3
3,Flavour,2,10
3,Flavour,3,2
3,Flavour,4,2
3,Flavour,5,4
3,Flavour,6,2
3,Flavour,7,3
3,Flavour,8,1
3,Flavour,9,4
3,Flavour,10,1
3,Flavour,11,1
3,Flavour,12,3
3,Flavour,13,2
3,Flavour,14,2
3,Flavour,15,1
3,Flavour,16,4
3,Flavour,17,2
3,Flavour,18,4
3,Flavour,19,2
3,Flavour,20,4
3,Flavour,21,3
3,Flavour,22,4
3,Flavour,23,3
3,Flavour,24,3
3,Flavour,25,4
3,Flavour,26,3
3,Flavour,27,1
3,Flavour,28,3
3,Flavour,29,2
3,Flavour,30,4
4,Sugar,1,9
4,Sugar,2,8
4,Sugar,3,6
4,Sugar,4,10
4,Sugar,5,10
4,Sugar,6,15
4,Sugar,7,5
4,Sugar,8,13
4,Sugar,9,15
4,Sugar,10,10
4,Sugar,11,7
4,Sugar,12,8
4,Sugar,13,15
4,Sugar,14,8
4,Sugar,15,7
4,Sugar,16,14
4,Sugar,17,7
4,Sugar,18,7
4,Sugar,19,8
4,Sugar,20,11
4,Sugar,21,8
4,Sugar,22,13
4,Sugar,23,5
4,Sugar,24,12
4,Sugar,25,11
4,Sugar,26,6
4,Sugar,27,12
4,Sugar,28,22
4,Sugar,29,15
4,Sugar,30,13
4,PowderMilk,1,3
4,PowderMilk,2,4
4,PowderMilk,3,9
4,PowderMilk,4,9
4,PowderMilk,5,8
4,PowderMilk,6,4
4,PowderMilk,7,5
4,PowderMilk,8,9
4,PowderMilk,9,6
4,PowderMilk,10,10
4,PowderMilk,11,4
4,PowderMilk,12,10
4,PowderMilk,13,3
4,PowderMilk,14,6
4,PowderMilk,15,6
4,PowderMilk,16,3
4,PowderMilk,17,4
4,PowderMilk,18,3
4,PowderMilk,19,10
4,PowderMilk,20,8
4,PowderMilk,21,6
4,PowderMilk,22,7
4,PowderMilk,23,7
4,PowderMilk,24,10
4,PowderMilk,25,5
4,PowderMilk,26,9
4,PowderMilk,27,3
4,PowderMilk,28,3
4,PowderMilk,29,5
4,PowderMilk,30,5
4,Flavour,1,4
4,Flavour,2,4
4,Flavour,3,3
4,Flavour,4,4
4,Flavour,5,10
4,Flavour,6,2
4,Flavour,7,4
4,Flavour,8,1
4,Flavour,9,4
4,Flavour,10,4
4,Flavour,11,3
4,Flavour,12,1
4,Flavour,13,4
4,Flavour,14,4
4,Flavour,15,2
4,Flavour,16,4
4,Flavour,17,4
4,Flavour,18,2
4,Flavour,19,3
4,Flavour,20,4
4,Flavour,21,2
4,Flavour,22,1
4,Flavour,23,3
4,Flavour,24,1
4,Flavour,25,1
4,Flavour,26,2
4,Flavour,27,4
4,Flavour,28,2
4,Flavour,29,2
4,Flavour,30,2
5,Sugar,1,10
5,Sugar,2,7
5,Sugar,3,13
5,Sugar,4,8
5,Sugar,5,5
5,Sugar,6,8
5,Sugar,7,5
5,Sugar,8,9
5,Sugar,9,8
5,Sugar,10,12
5,Sugar,11,12
5,Sugar,12,11
5,Sugar,13,7
5,Sugar,14,5
5,Sugar,15,5
5,Sugar,16,15
5,Sugar,17,7
5,Sugar,18,10
5,Sugar,19,11
5,Sugar,20,10
5,Sugar,21,10
5,Sugar,22,10
5,Sugar,23,7
5,Sugar,24,10
5,Sugar,25,12
5,Sugar,26,15
5,Sugar,27,15
5,Sugar,28,6
5,Sugar,29,9
5,Sugar,30,5
5,PowderMilk,1,6
5,PowderMilk,2,9
5,PowderMilk,3,10
5,PowderMilk,4,3
5,PowderMilk,5,7
5,PowderMilk,6,6
5,PowderMilk,7,7
5,PowderMilk,8,10
5,PowderMilk,9,5
5,PowderMilk,10,6
5,PowderMilk,11,5
5,PowderMilk,12,10
5,PowderMilk,13,3
5,PowderMilk,14,10
5,PowderMilk,15,3
5,PowderMilk,16,6
5,PowderMilk,17,6
5,PowderMilk,18,8
5,PowderMilk,19,7
5,PowderMilk,20,8
5,PowderMilk,21,7
5,PowderMilk,22,8
5,PowderMilk,23,5
5,PowderMilk,24,6
5,PowderMilk,25,3
5,PowderMilk,26,7
5,PowderMilk,27,10
5,PowderMilk,28,7
5,PowderMilk,29,3
5,PowderMilk,30,8
5,Flavour,1,1
5,Flavour,2,3
5,Flavour,3,3
5,Flavour,4,4
5,Flavour,5,1
5,Flavour,6,4
5,Flavour,7,3
5,Flavour,8,1
5,Flavour,9,1
5,Flavour,10,4
5,Flavour,11,3
5,Flavour,12,1
5,Flavour,13,4
5,Flavour,14,3
5,Flavour,15,4
5,Flavour,16,2
5,Flavour,17,1
5,Flavour,18,2
5,Flavour,19,3
5,Flavour,20,2
5,Flavour,21,2
5,Flavour,22,3
5,Flavour,23,4
5,Flavour,24,2
5,Flavour,25,4
5,Flavour,26,2
5,Flavour,27,4
5,Flavour,28,3
5,Flavour,29,2
5,Flavour,30,3
6,Sugar,1,6
6,Sugar,2,15
6,Sugar,3,14
6,Sugar,4,6
6,Sugar,5,14
6,Sugar,6,5
6,Sugar,7,12
6,Sugar,8,5
6,Sugar,9,13
6,Sugar,10,15
6,Sugar,11,10
6,Sugar,12,11
6,Sugar,13,14
6,Sugar,14,11
6,Sugar,15,14
6,Sugar,16,7
6,Sugar,17,6
6,Sugar,18,13
6,Sugar,19,12
6,Sugar,20,14
6,Sugar,21,11
6,Sugar,22,13
6,Sugar,23,8
6,Sugar,24,8
6,Sugar,25,5
6,Sugar,26,12
6,Sugar,27,7
6,Sugar,28,11
6,Sugar,29,6
6,Sugar,30,6
6,PowderMilk,1,10
6,PowderMilk,2,9
6,PowderMilk,3,9
6,PowderMilk,4,8
6,PowderMilk,5,5
6,PowderMilk,6,3
6,PowderMilk,7,4
6,PowderMilk,8,9
6,PowderMilk,9,8
6,PowderMilk,10,7
6,PowderMilk,11,8
6,PowderMilk,12,4
6,PowderMilk,13,4
6,PowderMilk,14,8
6,PowderMilk,15,3
6,PowderMilk,16,6
6,PowderMilk,17,4
6,PowderMilk,18,8
6,PowderMilk,19,9
6,PowderMilk,20,8
6,PowderMilk,21,5
6,PowderMilk,22,6
6,PowderMilk,23,7
6,PowderMilk,24,3
6,PowderMilk,25,10
6,PowderMilk,26,7
6,PowderMilk,27,6
6,PowderMilk,28,6
6,PowderMilk,29,6
6,PowderMilk,30,7
6,Flavour,1,3
6,Flavour,2,4
6,Flavour,3,2
6,Flavour,4,1
6,Flavour,5,4
6,Flavour,6,4
6,Flavour,7,2
6,Flavour,8,3
6,Flavour,9,3
6,Flavour,10,3
6,Flavour,11,4
6,Flavour,12,4
6,Flavour,13,4
6,Flavour,14,1
6,Flavour,15,2
6,Flavour,16,4
6,Flavour,17,2
6,Flavour,18,2
6,Flavour,19,3
6,Flavour,20,1
6,Flavour,21,4
6,Flavour,22,3
6,Flavour,23,3
6,Flavour,24,4
6,Flavour,25,2
6,Flavour,26,3
6,Flavour,27,2
6,Flavour,28,1
6,Flavour,29,2
6,Flavour,30,1
7,Sugar,1,11
7,Sugar,2,13
7,Sugar,3,9
7,Sugar,4,5
7,Sugar,5,14
7,Sugar,6,14
7,Sugar,7,5
7,Sugar,8,6
7,Sugar,9,10
7,Sugar,10,13
7,Sugar,11,12
7,Sugar,12,9
7,Sugar,13,5
7,Sugar,14,11
7,Sugar,15,9
7,Sugar,16,10
7,Sugar,17,11
7,Sugar,18,7
7,Sugar,19,14
7,Sugar,20,7
7,Sugar,21,9
7,Sugar,22,10
7,Sugar,23,13
7,Sugar,24,9
7,Sugar,25,5
7,Sugar,26,8
7,Sugar,27,9
7,Sugar,28,14
7,Sugar,29,14
7,Sugar,30,9
7,PowderMilk,1,9
7,PowderMilk,2,6
7,PowderMilk,3,3
7,PowderMilk,4,8
7,PowderMilk,5,8
7,PowderMilk,6,7
7,PowderMilk,7,9
7,PowderMilk,8,4
7,PowderMilk,9,4
7,PowderMilk,10,8
7,PowderMilk,11,7
7,PowderMilk,12,6
7,PowderMilk,13,4
7,PowderMilk,14,6
7,PowderMilk,15,9
7,PowderMilk,16,4
7,PowderMilk,17,4
7,PowderMilk,18,5
7,PowderMilk,19,4
7,PowderMilk,20,10
7,PowderMilk,21,3
7,PowderMilk,22,10
7,PowderMilk,23,7
7,PowderMilk,24,7
7,PowderMilk,25,6
7,PowderMilk,26,10
7,PowderMilk,27,10
7,PowderMilk,28,10
7,PowderMilk,29,9
7,PowderMilk,30,4
7,Flavour,1,1
7,Flavour,2,4
7,Flavour,3,4
7,Flavour,4,4
7,Flavour,5,3
7,Flavour,6,4
7,Flavour,7,4
7,Flavour,8,4
7,Flavour,9,2
7,Flavour,10,3
7,Flavour,11,4
7,Flavour,12,1
7,Flavour,13,1
7,Flavour,14,1
7,Flavour,15,3
7,Flavour,16,3
7,Flavour,17,1
7,Flavour,18,4
7,Flavour,19,3
7,Flavour,20,1
7,Flavour,21,1
7,Flavour,22,4
7,Flavour,23,2
7,Flavour,24,3
7,Flavour,25,4
7,Flavour,26,1
7,Flavour,27,1
7,Flavour,28,4
7,Flavour,29,3
7,Flavour,30,2
8,Sugar,1,6
8,Sugar,2,7
8,Sugar,3,6
8,Sugar,4,7
8,Sugar,5,11
8,Sugar,6,5
8,Sugar,7,14
8,Sugar,8,12
8,Sugar,9,14
8,Sugar,10,14
8,Sugar,11,14
8,Sugar,12,6
8,Sugar,13,7
8,Sugar,14,13
8,Sugar,15,11
8,Sugar,16,8
8,Sugar,17,14
8,Sugar,18,9
8,Sugar,19,6
8,Sugar,20,15
8,Sugar,21,12
8,Sugar,22,8
8,Sugar,23,13
8,Sugar,24,9
8,Sugar,25,13
8,Sugar,26,8
8,Sugar,27,14
8,Sugar,28,9
8,Sugar,29,13
8,Sugar,30,12
8,PowderMilk,1,10
8,PowderMilk,2,5
8,PowderMilk,3,3
8,PowderMilk,4,5
8,PowderMilk,5,10
8,PowderMilk,6,6
8,PowderMilk,7,4
8,PowderMilk,8,3
8,PowderMilk,9,9
8,PowderMilk,10,10
8,PowderMilk,11,10
8,PowderMilk,12,9
8,PowderMilk,13,8
8,PowderMilk,14,10
8,PowderMilk,15,7
8,PowderMilk,16,6
8,PowderMilk,17,3
8,PowderMilk,18,9
8,PowderMilk,19,7
8,PowderMilk,20,9
8,PowderMilk,21,3
8,PowderMilk,22,5
8,PowderMilk,23,3
8,PowderMilk,24,8
8,PowderMilk,25,3
8,PowderMilk,26,3
8,PowderMilk,27,8
8,PowderMilk,28,6
8,PowderMilk,29,10
8,PowderMilk,30,3
8,Flavour,1,2
8,Flavour,2,1
8,Flavour,3,3
8,Flavour,4,3
8,Flavour,5,1
8,Flavour,6,4
8,Flavour,7,4
8,Flavour,8,1
8,Flavour,9,1
8,Flavour,10,3
8,Flavour,11,4
8,Flavour,12,1
8,Flavour,13,3
8,Flavour,14,4
8,Flavour,15,2
8,Flavour,16,3
8,Flavour,17,4
8,Flavour,18,4
8,Flavour,19,3
8,Flavour,20,2
8,Flavour,21,3
8,Flavour,22,4
8,Flavour,23,1
8,Flavour,24,1
8,Flavour,25,3
8,Flavour,26,4
8,Flavour,27,1
8,Flavour,28,4
8,Flavour,29,3
8,Flavour,30,1
9,Sugar,1,8
9,Sugar,2,9
9,Sugar,3,11
9,Sugar,4,13
9,Sugar,5,11
9,Sugar,6,9
9,Sugar,7,14
9,Sugar,8,14
9,Sugar,9,11
9,Sugar,10,14
9,Sugar,11,9
9,Sugar,12,7
9,Sugar,13,11
9,Sugar,14,15
9,Sugar,15,15
9,Sugar,16,6
9,Sugar,17,13
9,Sugar,18,14
9,Sugar,19,14
9,Sugar,20,5
9,Sugar,21,10
9,Sugar,22,11
9,Sugar,23,12
9,Sugar,24,14
9,Sugar,25,13
9,Sugar,26,6
9,Sugar,27,15
9,Sugar,28,14
9,Sugar,29,6
9,Sugar,30,9
9,PowderMilk,1,7
9,PowderMilk,2,15
9,PowderMilk,3,8
9,PowderMilk,4,5
9,PowderMilk,5,10
9,PowderMilk,6,10
9,PowderMilk,7,7
9,PowderMilk,8,3
9,PowderMilk,9,8
9,PowderMilk,10,6
9,PowderMilk,11,3
9,PowderMilk,12,9
9,PowderMilk,13,9
9,PowderMilk,14,3
9,PowderMilk,15,7
9,PowderMilk,16,6
9,PowderMilk,17,6
9,PowderMilk,18,8
9,PowderMilk,19,6
9,PowderMilk,20,9
9,PowderMilk,21,5
9,PowderMilk,22,7
9,PowderMilk,23,6
9,PowderMilk,24,8
9,PowderMilk,25,9
9,PowderMilk,26,5
9,PowderMilk,27,4
9,PowderMilk,28,4
9,PowderMilk,29,5
9,PowderMilk,30,9
9,Flavour,1,2
9,Flavour,2,3
9,Flavour,3,1
9,Flavour,4,1
9,Flavour,5,2
9,Flavour,6,4
9,Flavour,7,2
9,Flavour,8,2
9,Flavour,9,4
9,Flavour,10,4
9,Flavour,11,4
9,Flavour,12,1
9,Flavour,13,3
9,Flavour,14,1
9,Flavour,15,3
9,Flavour,16,1
9,Flavour,17,3
9,Flavour,18,1
9,Flavour,19,4
9,Flavour,20,2
9,Flavour,21,1
9,Flavour,22,3
9,Flavour,23,4
9,Flavour,24,1
9,Flavour,25,1
9,Flavour,26,4
9,Flavour,27,1
9,Flavour,28,2
9,Flavour,29,1
9,Flavour,30,2
10,Sugar,1,14
10,Sugar,2,9
10,Sugar,3,10
10,Sugar,4,9
10,Sugar,5,15
10,Sugar,6,9
10,Sugar,7,8
10,Sugar,8,7
10,Sugar,9,7
10,Sugar,10,8
10,Sugar,11,13
10,Sugar,12,6
10,Sugar,13,13
10,Sugar,14,5
10,Sugar,15,5
10,Sugar,16,9
10,Sugar,17,10
10,Sugar,18,10
10,Sugar,19,7
10,Sugar,20,11
10,Sugar,21,13
10,Sugar,22,15
10,Sugar,23,14
10,Sugar,24,12
10,Sugar,25,10
10,Sugar,26,12
10,Sugar,27,9
10,Sugar,28,12
10,Sugar,29,14
10,Sugar,30,8
10,PowderMilk,1,4
10,PowderMilk,2,10
10,PowderMilk,3,4
10,PowderMilk,4,6
10,PowderMilk,5,4
10,PowderMilk,6,6
10,PowderMilk,7,6
10,PowderMilk,8,7
10,PowderMilk,9,3
10,PowderMilk,10,6
10,PowderMilk,11,10
10,PowderMilk,12,5
10,PowderMilk,13,8
10,PowderMilk,14,9
10,PowderMilk,15,3
10,PowderMilk,16,3
10,PowderMilk,17,3
10,PowderMilk,18,7
10,PowderMilk,19,6
10,PowderMilk,20,7
10,PowderMilk,21,6
10,PowderMilk,22,10
10,PowderMilk,23,7
10,PowderMilk,24,7
10,PowderMilk,25,8
10,PowderMilk,26,5
10,PowderMilk,27,7
10,PowderMilk,28,8
10,PowderMilk,29,4
10,PowderMilk,30,5
10,Flavour,1,4
10,Flavour,2,1
10,Flavour,3,3
10,Flavour,4,1
10,Flavour,5,2
10,Flavour,6,2
10,Flavour,7,4
10,Flavour,8,2
10,Flavour,9,2
10,Flavour,10,3
10,Flavour,11,1
10,Flavour,12,1
10,Flavour,13,3
10,Flavour,14,4
10,Flavour,15,1
10,Flavour,16,2
10,Flavour,17,1
10,Flavour,18,2
10,Flavour,19,4
10,Flavour,20,3
10,Flavour,21,1
10,Flavour,22,3
10,Flavour,23,1
10,Flavour,24,2
10,Flavour,25,3
10,Flavour,26,1
10,Flavour,27,2
10,Flavour,28,3
10,Flavour,29,3
10,Flavour,30,1
11,Sugar,1,5
11,Sugar,2,6
11,Sugar,3,13
11,Sugar,4,7
11,Sugar,5,5
11,Sugar,6,9
11,Sugar,7,11
11,Sugar,8,10
11,Sugar,9,5
11,Sugar,10,9
11,Sugar,11,9
11,Sugar,12,10
11,Sugar,13,7
11,Sugar,14,9
11,Sugar,15,11
11,Sugar,16,9
11,Sugar,17,9
11,Sugar,18,9
11,Sugar,19,14
11,Sugar,20,14
11,Sugar,21,7
11,Sugar,22,5
11,Sugar,23,9
11,Sugar,24,13
11,Sugar,25,5
11,Sugar,26,7
11,Sugar,27,8
11,Sugar,28,5
11,Sugar,29,5
11,Sugar,30,12
11,PowderMilk,1,10
11,PowderMilk,2,4
11,PowderMilk,3,6
11,PowderMilk,4,9
11,PowderMilk,5,10
11,PowderMilk,6,9
11,PowderMilk,7,4
11,PowderMilk,8,4
11,PowderMilk,9,4
11,PowderMilk,10,8
11,PowderMilk,11,30
11,PowderMilk,12,5
11,PowderMilk,13,5
11,PowderMilk,14,4
11,PowderMilk,15,6
11,PowderMilk,16,3
11,PowderMilk,17,8
11,PowderMilk,18,6
11,PowderMilk,19,7
11,PowderMilk,20,8
11,PowderMilk,21,8
11,PowderMilk,22,5
11,PowderMilk,23,3
11,PowderMilk,24,3
11,PowderMilk,25,10
11,PowderMilk,26,9
11,PowderMilk,27,9
11,PowderMilk,28,9
11,PowderMilk,29,9
11,PowderMilk,30,7
11,Flavour,1,1
11,Flavour,2,2
11,Flavour,3,2
11,Flavour,4,3
11,Flavour,5,3
11,Flavour,6,3
11,Flavour,7,2
11,Flavour,8,4
11,Flavour,9,4
11,Flavour,10,2
11,Flavour,11,2
11,Flavour,12,2
11,Flavour,13,2
11,Flavour,14,2
11,Flavour,15,2
11,Flavour,16,3
11,Flavour,17,3
11,Flavour,18,3
11,Flavour,19,3
11,Flavour,20,2
11,Flavour,21,4
11,Flavour,22,1
11,Flavour,23,2
11,Flavour,24,1
11,Flavour,25,4
11,Flavour,26,3
11,Flavour,27,4
11,Flavour,28,2
11,Flavour,29,3
11,Flavour,30,2
12,Sugar,1,7
12,Sugar,2,5
12,Sugar,3,9
12,Sugar,4,8
12,Sugar,5,14
12,Sugar,6,12
12,Sugar,7,5
12,Sugar,8,14
12,Sugar,9,5
12,Sugar,10,8
12,Sugar,11,12
12,Sugar,12,9
12,Sugar,13,6
12,Sugar,14,10
12,Sugar,15,9
12,Sugar,16,6
12,Sugar,17,15
12,Sugar,18,15
12,Sugar,19,15
12,Sugar,20,7
12,Sugar,21,13
12,Sugar,22,11
12,Sugar,23,11
12,Sugar,24,15
12,Sugar,25,10
12,Sugar,26,12
12,Sugar,27,8
12,Sugar,28,12
12,Sugar,29,8
12,Sugar,30,12
12,PowderMilk,1,3
12,PowderMilk,2,5
12,PowderMilk,3,10
12,PowderMilk,4,5
12,PowderMilk,5,5
12,PowderMilk,6,7
12,PowderMilk,7,10
12,PowderMilk,8,4
12,PowderMilk,9,7
12,PowderMilk,10,4
12,PowderMilk,11,5
12,PowderMilk,12,5
12,PowderMilk,13,7
12,PowderMilk,14,7
12,PowderMilk,15,4
12,PowderMilk,16,6
12,PowderMilk,17,4
12,PowderMilk,18,7
12,PowderMilk,19,8
12,PowderMilk,20,7
12,PowderMilk,21,8
12,PowderMilk,22,3
12,PowderMilk,23,7
12,PowderMilk,24,3
12,PowderMilk,25,6
12,PowderMilk,26,4
12,PowderMilk,27,8
12,PowderMilk,28,4
12,PowderMilk,29,3
12,PowderMilk,30,8
12,Flavour,1,2
12,Flavour,2,1
12,Flavour,3,3
12,Flavour,4,1
12,Flavour,5,2
12,Flavour,6,1
12,Flavour,7,3
12,Flavour,8,1
12,Flavour,9,2
12,Flavour,10,3
12,Flavour,11,4
12,Flavour,12,2
12,Flavour,13,3
12,Flavour,14,3
12,Flavour,15,4
12,Flavour,16,1
12,Flavour,17,1
12,Flavour,18,2
12,Flavour,19,4
12,Flavour,20,1
12,Flavour,21,4
12,Flavour,22,1
12,Flavour,23,3
12,Flavour,24,1
12,Flavour,25,4
12,Flavour,26,3
12,Flavour,27,3
12,Flavour,28,3
12,Flavour,29,4
12,Flavour,30,2
13,Sugar,1,14
13,Sugar,2,11
13,Sugar,3,12
13,Sugar,4,6
13,Sugar,5,14
13,Sugar,6,15
13,Sugar,7,12
13,Sugar,8,7
13,Sugar,9,11
13,Sugar,10,7
13,Sugar,11,11
13,Sugar,12,15
13,Sugar,13,6
13,Sugar,14,14
13,Sugar,15,10
13,Sugar,16,7
13,Sugar,17,7
13,Sugar,18,13
13,Sugar,19,11
13,Sugar,20,9
13,Sugar,21,14
13,Sugar,22,11
13,Sugar,23,13
13,Sugar,24,5
13,Sugar,25,11
13,Sugar,26,10
13,Sugar,27,14
13,Sugar,28,13
13,Sugar,29,5
13,Sugar,30,8
13,PowderMilk,1,3
13,PowderMilk,2,6
13,PowderMilk,3,4
13,PowderMilk,4,5
13,PowderMilk,5,3
13,PowderMilk,6,7
13,PowderMilk,7,4
13,PowderMilk,8,9
13,PowderMilk,9,6
13,PowderMilk,10,9
13,PowderMilk,11,8
13,PowderMilk,12,4
13,PowderMilk,13,9
13,PowderMilk,14,10
13,PowderMilk,15,10
13,PowderMilk,16,3
13,PowderMilk,17,6
13,PowderMilk,18,5
13,PowderMilk,19,4
13,PowderMilk,20,3
13,PowderMilk,21,7
13,PowderMilk,22,8
13,PowderMilk,23,6
13,PowderMilk,24,4
13,PowderMilk,25,10
13,PowderMilk,26,4
13,PowderMilk,27,5
13,PowderMilk,28,10
13,PowderMilk,29,5
13,PowderMilk,30,7
13,Flavour,1,2
13,Flavour,2,1
13,Flavour,3,1
13,Flavour,4,1
13,Flavour,5,1
13,Flavour,6,2
13,Flavour,7,1
13,Flavour,8,2
13,Flavour,9,2
13,Flavour,10,3
13,Flavour,11,4
13,Flavour,12,4
13,Flavour,13,2
13,Flavour,14,3
13,Flavour,15,2
13,Flavour,16,2
13,Flavour,17,2
13,Flavour,18,3
13,Flavour,19,4
13,Flavour,20,3
13,Flavour,21,1
13,Flavour,22,3
13,Flavour,23,3
13,Flavour,24,3
13,Flavour,25,3
13,Flavour,26,4
13,Flavour,27,1
13,Flavour,28,4
13,Flavour,29,4
13,Flavour,30,3
14,Sugar,1,10
14,Sugar,2,6
14,Sugar,3,8
14,Sugar,4,15
14,Sugar,5,8
14,Sugar,6,10
14,Sugar,7,10
14,Sugar,8,5
14,Sugar,9,12
14,Sugar,10,10
14,Sugar,11,7
14,Sugar,12,13
14,Sugar,13,6
14,Sugar,14,15
14,Sugar,15,12
14,Sugar,16,14
14,Sugar,17,7
14,Sugar,18,9
14,Sugar,19,10
14,Sugar,20,14
14,Sugar,21,10
14,Sugar,22,8
14,Sugar,23,7
14,Sugar,24,8
14,Sugar,25,5
14,Sugar,26,8
14,Sugar,27,5
14,Sugar,28,5
14,Sugar,29,14
14,Sugar,30,10
14,PowderMilk,1,7
14,PowderMilk,2,8
14,PowderMilk,3,5
14,PowderMilk,4,9
14,PowderMilk,5,6
14,PowderMilk,6,7
14,PowderMilk,7,5
14,PowderMilk,8,5
14,PowderMilk,9,3
14,PowderMilk,10,8
14,PowderMilk,11,4
14,PowderMilk,12,10
14,PowderMilk,13,4
14,PowderMilk,14,7
14,PowderMilk,15,9
14,PowderMilk,16,4
14,PowderMilk,17,6
14,PowderMilk,18,4
14,PowderMilk,19,7
14,PowderMilk,20,10
14,PowderMilk,21,4
14,PowderMilk,22,6
14,PowderMilk,23,3
14,PowderMilk,24,9
14,PowderMilk,25,7
14,PowderMilk,26,3
14,PowderMilk,27,3
14,PowderMilk,28,3
14,PowderMilk,29,5
14,PowderMilk,30,9
14,Flavour,1,4
14,Flavour,2,2
14,Flavour,3,3
14,Flavour,4,3
14,Flavour,5,2
14,Flavour,6,3
14,Flavour,7,1
14,Flavour,8,1
14,Flavour,9,2
14,Flavour,10,4
14,Flavour,11,4
14,Flavour,12,2
14,Flavour,13,2
14,Flavour,14,1
14,Flavour,15,4
14,Flavour,16,3
14,Flavour,17,1
14,Flavour,18,2
14,Flavour,19,4
14,Flavour,20,3
14,Flavour,21,3
14,Flavour,22,1
14,Flavour,23,4
14,Flavour,24,4
14,Flavour,25,2
14,Flavour,26,4
14,Flavour,27,4
14,Flavour,28,1
14,Flavour,29,4
14,Flavour,30,3
15,Sugar,1,13
15,Sugar,2,9
15,Sugar,3,7
15,Sugar,4,9
15,Sugar,5,9
15,Sugar,6,9
15,Sugar,7,7
15,Sugar,8,15
15,Sugar,9,14
15,Sugar,10,8
15,Sugar,11,13
15,Sugar,12,14
15,Sugar,13,13
15,Sugar,14,6
15,Sugar,15,12
15,Sugar,16,12
15,Sugar,17,11
15,Sugar,18,12
15,Sugar,19,7
15,Sugar,20,10
15,Sugar,21,5
15,Sugar,22,11
15,Sugar,23,5
15,Sugar,24,13
15,Sugar,25,5
15,Sugar,26,5
15,Sugar,27,11
15,Sugar,28,6
15,Sugar,29,9
15,Sugar,30,12
15,PowderMilk,1,10
15,PowderMilk,2,5
15,PowderMilk,3,9
15,PowderMilk,4,5
15,PowderMilk,5,8
15,PowderMilk,6,8
15,PowderMilk,7,5
15,PowderMilk,8,9
15,PowderMilk,9,5
15,PowderMilk,10,10
15,PowderMilk,11,4
15,PowderMilk,12,10
15,PowderMilk,13,6
15,PowderMilk,14,9
15,PowderMilk,15,9
15,PowderMilk,16,7
15,PowderMilk,17,3
15,PowderMilk,18,6
15,PowderMilk,19,8
15,PowderMilk,20,9
15,PowderMilk,21,5
15,PowderMilk,22,6
15,PowderMilk,23,7
15,PowderMilk,24,8
15,PowderMilk,25,3
15,PowderMilk,26,3
15,PowderMilk,27,7
15,PowderMilk,28,7
15,PowderMilk,29,5
15,PowderMilk,30,9
15,Flavour,1,1
15,Flavour,2,2
15,Flavour,3,4
15,Flavour,4,2
15,Flavour,5,2
15,Flavour,6,2
15,Flavour,7,1
15,Flavour,8,3
15,Flavour,9,2
15,Flavour,10,1
15,Flavour,11,2
15,Flavour,12,2
15,Flavour,13,1
15,Flavour,14,3
15,Flavour,15,3
15,Flavour,16,4
15,Flavour,17,1
15,Flavour,18,4
15,Flavour,19,4
15,Flavour,20,4
15,Flavour,21,3
15,Flavour,22,1
15,Flavour,23,4
15,Flavour,24,1
15,Flavour,25,1
15,Flavour,26,3
15,Flavour,27,4
15,Flavour,28,4
15,Flavour,29,1
15,Flavour,30,2
16,Sugar,1,15
16,Sugar,2,7
16,Sugar,3,7
16,Sugar,4,8
16,Sugar,5,8
16,Sugar,6,14
16,Sugar,7,15
16,Sugar,8,15
16,Sugar,9,9
16,Sugar,10,8
16,Sugar,11,15
16,Sugar,12,14
16,Sugar,13,12
16,Sugar,14,10
16,Sugar,15,10
16,Sugar,16,12
16,Sugar,17,11
16,Sugar,18,14
16,Sugar,19,15
16,Sugar,20,14
16,Sugar,21,12
16,Sugar,22,6
16,Sugar,23,13
16,Sugar,24,5
16,Sugar,25,12
16,Sugar,26,15
16,Sugar,27,8
16,Sugar,28,8
16,Sugar,29,9
16,Sugar,30,12
16,PowderMilk,1,7
16,PowderMilk,2,10
16,PowderMilk,3,9
16,PowderMilk,4,4
16,PowderMilk,5,3
16,PowderMilk,6,6
16,PowderMilk,7,9
16,PowderMilk,8,4
16,PowderMilk,9,3
16,PowderMilk,10,8
16,PowderMilk,11,5
16,PowderMilk,12,7
16,PowderMilk,13,8
16,PowderMilk,14,10
16,PowderMilk,15,3
16,PowderMilk,16,8
16,PowderMilk,17,5
16,PowderMilk,18,9
16,PowderMilk,19,3
16,PowderMilk,20,8
16,PowderMilk,21,7
16,PowderMilk,22,7
16,PowderMilk,23,4
16,PowderMilk,24,8
16,PowderMilk,25,6
16,PowderMilk,26,8
16,PowderMilk,27,9
16,PowderMilk,28,3
16,PowderMilk,29,3
16,PowderMilk,30,9
16,Flavour,1,2
16,Flavour,2,3
16,Flavour,3,3
16,Flavour,4,4
16,Flavour,5,3
16,Flavour,6,1
16,Flavour,7,3
16,Flavour,8,1
16,Flavour,9,1
16,Flavour,10,1
16,Flavour,11,2
16,Flavour,12,4
16,Flavour,13,1
16,Flavour,14,1
16,Flavour,15,2
16,Flavour,16,1
16,Flavour,17,3
16,Flavour,18,3
16,Flavour,19,4
16,Flavour,20,1
16,Flavour,21,2
16,Flavour,22,3
16,Flavour,23,2
16,Flavour,24,2
16,Flavour,25,3
16,Flavour,26,2
16,Flavour,27,3
16,Flavour,28,2
16,Flavour,29,3
16,Flavour,30,1
17,Sugar,1,15
17,Sugar,2,15
17,Sugar,3,15
17,Sugar,4,7
17,Sugar,5,10
17,Sugar,6,12
17,Sugar,7,13
17,Sugar,8,11
17,Sugar,9,8
17,Sugar,10,10
17,Sugar,11,9
17,Sugar,12,12
17,Sugar,13,5
17,Sugar,14,5
17,Sugar,15,15
17,Sugar,16,10
17,Sugar,17,14
17,Sugar,18,6
17,Sugar,19,9
17,Sugar,20,5
17,Sugar,21,11
17,Sugar,22,5
17,Sugar,23,8
17,Sugar,24,13
17,Sugar,25,5
17,Sugar,26,8
17,Sugar,27,10
17,Sugar,28,10
17,Sugar,29,12
17,Sugar,30,5
17,PowderMilk,1,9
17,PowderMilk,2,3
17,PowderMilk,3,10
17,PowderMilk,4,7
17,PowderMilk,5,8
17,PowderMilk,6,9
17,PowderMilk,7,5
17,PowderMilk,8,5
17,PowderMilk,9,10
17,PowderMilk,10,5
17,PowderMilk,11,8
17,PowderMilk,12,10
17,PowderMilk,13,8
17,PowderMilk,14,7
17,PowderMilk,15,3
17,PowderMilk,16,7
17,PowderMilk,17,7
17,PowderMilk,18,8
17,PowderMilk,19,10
17,PowderMilk,20,10
17,PowderMilk,21,5
17,PowderMilk,22,4
17,PowderMilk,23,3
17,PowderMilk,24,8
17,PowderMilk,25,5
17,PowderMilk,26,9
17,PowderMilk,27,4
17,PowderMilk,28,4
17,PowderMilk,29,8
17,PowderMilk,30,6
17,Flavour,1,1
17,Flavour,2,2
17,Flavour,3,2
17,Flavour,4,2
17,Flavour,5,3
17,Flavour,6,3
17,Flavour,7,4
17,Flavour,8,1
17,Flavour,9,4
17,Flavour,10,1
17,Flavour,11,3
17,Flavour,12,3
17,Flavour,13,3
17,Flavour,14,4
17,Flavour,15,2
17,Flavour,16,2
17,Flavour,17,3
17,Flavour,18,2
17,Flavour,19,2
17,Flavour,20,4
17,Flavour,21,1
17,Flavour,22,3
17,Flavour,23,3
17,Flavour,24,4
17,Flavour,25,4
17,Flavour,26,2
17,Flavour,27,3
17,Flavour,28,1
17,Flavour,29,4
17,Flavour,30,1
18,Sugar,1,13
18,Sugar,2,11
18,Sugar,3,7
18,Sugar,4,12
18,Sugar,5,11
18,Sugar,6,15
18,Sugar,7,12
18,Sugar,8,10
18,Sugar,9,13
18,Sugar,10,9
18,Sugar,11,7
18,Sugar,12,7
18,Sugar,13,5
18,Sugar,14,12
18,Sugar,15,6
18,Sugar,16,7
18,Sugar,17,12
18,Sugar,18,12
18,Sugar,19,15
18,Sugar,20,8
18,Sugar,21,8
18,Sugar,22,9
18,Sugar,23,10
18,Sugar,24,9
18,Sugar,25,11
18,Sugar,26,6
18,Sugar,27,11
18,Sugar,28,14
18,Sugar,29,11
18,Sugar,30,5
18,PowderMilk,1,9
18,PowderMilk,2,7
18,PowderMilk,3,5
18,PowderMilk,4,10
18,PowderMilk,5,7
18,PowderMilk,6,5
18,PowderMilk,7,6
18,PowderMilk,8,7
18,PowderMilk,9,6
18,PowderMilk,10,4
18,PowderMilk,11,4
18,PowderMilk,12,3
18,PowderMilk,13,9
18,PowderMilk,14,7
18,PowderMilk,15,6
18,PowderMilk,16,5
18,PowderMilk,17,4
18,PowderMilk,18,9
18,PowderMilk,19,4
18,PowderMilk,20,5
18,PowderMilk,21,9
18,PowderMilk,22,9
18,PowderMilk,23,6
18,PowderMilk,24,6
18,PowderMilk,25,7
18,PowderMilk,26,7
18,PowderMilk,27,8
18,PowderMilk,28,10
18,PowderMilk,29,8
18,PowderMilk,30,3
18,Flavour,1,2
18,Flavour,2,1
18,Flavour,3,4
18,Flavour,4,3
18,Flavour,5,4
18,Flavour,6,2
18,Flavour,7,2
18,Flavour,8,4
18,Flavour,9,4
18,Flavour,10,1
18,Flavour,11,2
18,Flavour,12,2
18,Flavour,13,4
18,Flavour,14,3
18,Flavour,15,2
18,Flavour,16,3
18,Flavour,17,4
18,Flavour,18,4
18,Flavour,19,1
18,Flavour,20,2
18,Flavour,21,3
18,Flavour,22,1
18,Flavour,23,2
18,Flavour,24,1
18,Flavour,25,4
18,Flavour,26,2
18,Flavour,27,1
18,Flavour,28,1
18,Flavour,29,3
18,Flavour,30,1
19,Sugar,1,10
19,Sugar,2,10
19,Sugar,3,15
19,Sugar,4,8
19,Sugar,5,14
19,Sugar,6,14
19,Sugar,7,6
19,Sugar,8,11
19,Sugar,9,9
19,Sugar,10,15
19,Sugar,11,10
19,Sugar,12,6
19,Sugar,13,9
19,Sugar,14,14
19,Sugar,15,8
19,Sugar,16,13
19,Sugar,17,10
19,Sugar,18,6
19,Sugar,19,5
19,Sugar,20,9
19,Sugar,21,13
19,Sugar,22,10
19,Sugar,23,14
19,Sugar,24,11
19,Sugar,25,9
19,Sugar,26,14
19,Sugar,27,10
19,Sugar,28,9
19,Sugar,29,15
19,Sugar,30,13
19,PowderMilk,1,9
19,PowderMilk,2,8
19,PowderMilk,3,5
19,PowderMilk,4,10
19,PowderMilk,5,4
19,PowderMilk,6,6
19,PowderMilk,7,7
19,PowderMilk,8,3
19,PowderMilk,9,7
19,PowderMilk,10,9
19,PowderMilk,11,4
19,PowderMilk,12,7
19,PowderMilk,13,3
19,PowderMilk,14,4
19,PowderMilk,15,7
19,PowderMilk,16,6
19,PowderMilk,17,8
19,PowderMilk,18,4
19,PowderMilk,19,8
19,PowderMilk,20,10
19,PowderMilk,21,4
19,PowderMilk,22,6
19,PowderMilk,23,8
19,PowderMilk,24,5
19,PowderMilk,25,3
19,PowderMilk,26,5
19,PowderMilk,27,7
19,PowderMilk,28,6
19,PowderMilk,29,5
19,PowderMilk,30,4
19,Flavour,1,1
19,Flavour,2,1
19,Flavour,3,3
19,Flavour,4,4
19,Flavour,5,3
19,Flavour,6,4
19,Flavour,7,4
19,Flavour,8,1
19,Flavour,9,3
19,Flavour,10,3
19,Flavour,11,4
19,Flavour,12,3
19,Flavour,13,2
19,Flavour,14,2
19,Flavour,15,3
19,Flavour,16,3
19,Flavour,17,4
19,Flavour,18,2
19,Flavour,19,2
19,Flavour,20,1
19,Flavour,21,4
19,Flavour,22,1
19,Flavour,23,2
19,Flavour,24,4
19,Flavour,25,3
19,Flavour,26,4
19,Flavour,27,3
19,Flavour,28,3
19,Flavour,29,4
19,Flavour,30,3
20,Sugar,1,5
20,Sugar,2,15
20,Sugar,3,15
20,Sugar,4,6
20,Sugar,5,13
20,Sugar,6,14
20,Sugar,7,6
20,Sugar,8,9
20,Sugar,9,50
20,Sugar,10,13
20,Sugar,11,12
20,Sugar,12,5
20,Sugar,13,5
20,Sugar,14,13
20,Sugar,15,15
20,Sugar,16,12
20,Sugar,17,14
20,Sugar,18,13
20,Sugar,19,11
20,Sugar,20,7
20,Sugar,21,7
20,Sugar,22,6
20,Sugar,23,9
20,Sugar,24,7
20,Sugar,25,10
20,Sugar,26,6
20,Sugar,27,7
20,Sugar,28,9
20,Sugar,29,15
20,Sugar,30,15
20,PowderMilk,1,3
20,PowderMilk,2,7
20,PowderMilk,3,3
20,PowderMilk,4,4
20,PowderMilk,5,3
20,PowderMilk,6,9
20,PowderMilk,7,3
20,PowderMilk,8,9
20,PowderMilk,9,6
20,PowderMilk,10,8
20,PowderMilk,11,10
20,PowderMilk,12,10
20,PowderMilk,13,5
20,PowderMilk,14,10
20,PowderMilk,15,9
20,PowderMilk,16,7
20,PowderMilk,17,3
20,PowderMilk,18,9
20,PowderMilk,19,7
20,PowderMilk,20,8
20,PowderMilk,21,10
20,PowderMilk,22,8
20,PowderMilk,23,10
20,PowderMilk,24,3
20,PowderMilk,25,4
20,PowderMilk,26,3
20,PowderMilk,27,6
20,PowderMilk,28,9
20,PowderMilk,29,5
20,PowderMilk,30,4
20,Flavour,1,7
20,Flavour,2,1
20,Flavour,3,2
20,Flavour,4,3
20,Flavour,5,4
20,Flavour,6,2
20,Flavour,7,4
20,Flavour,8,3
20,Flavour,9,1
20,Flavour,10,3
20,Flavour,11,2
20,Flavour,12,1
20,Flavour,13,2
20,Flavour,14,2
20,Flavour,15,3
20,Flavour,16,2
20,Flavour,17,3
20,Flavour,18,1
20,Flavour,19,3
20,Flavour,20,1
20,Flavour,21,3
20,Flavour,22,4
20,Flavour,23,4
20,Flavour,24,2
20,Flavour,25,3
20,Flavour,26,3
20,Flavour,27,1
20,Flavour,28,2
20,Flavour,29,3
20,Flavour,30,2
21,Sugar,1,8
21,Sugar,2,11
21,Sugar,3,7
21,Sugar,4,6
21,Sugar,5,15
21,Sugar,6,14
21,Sugar,7,11
21,Sugar,8,5
21,Sugar,9,12
21,Sugar,10,7
21,Sugar,11,6
21,Sugar,12,7
21,Sugar,13,9
21,Sugar,14,15
21,Sugar,15,12
21,Sugar,16,14
21,Sugar,17,11
21,Sugar,18,11
21,Sugar,19,11
21,Sugar,20,12
21,Sugar,21,5
21,Sugar,22,8
21,Sugar,23,10
21,Sugar,24,13
21,Sugar,25,6
21,Sugar,26,5
21,Sugar,27,14
21,Sugar,28,6
21,Sugar,29,11
21,Sugar,30,7
21,PowderMilk,1,4
21,PowderMilk,2,4
21,PowderMilk,3,8
21,PowderMilk,4,5
21,PowderMilk,5,9
21,PowderMilk,6,7
21,PowderMilk,7,7
21,PowderMilk,8,4
21,PowderMilk,9,10
21,PowderMilk,10,10
21,PowderMilk,11,5
21,PowderMilk,12,5
21,PowderMilk,13,9
21,PowderMilk,14,8
21,PowderMilk,15,6
21,PowderMilk,16,7
21,PowderMilk,17,8
21,PowderMilk,18,3
21,PowderMilk,19,7
21,PowderMilk,20,8
21,PowderMilk,21,7
21,PowderMilk,22,6
21,PowderMilk,23,3
21,PowderMilk,24,10
21,PowderMilk,25,10
21,PowderMilk,26,6
21,PowderMilk,27,9
21,PowderMilk,28,3
21,PowderMilk,29,4
21,PowderMilk,30,8
21,Flavour,1,1
21,Flavour,2,3
21,Flavour,3,3
21,Flavour,4,4
21,Flavour,5,1
21,Flavour,6,1
21,Flavour,7,2
21,Flavour,8,1
21,Flavour,9,3
21,Flavour,10,1
21,Flavour,11,2
21,Flavour,12,4
21,Flavour,13,2
21,Flavour,14,2
21,Flavour,15,4
21,Flavour,16,2
21,Flavour,17,2
21,Flavour,18,1
21,Flavour,19,1
21,Flavour,20,4
21,Flavour,21,1
21,Flavour,22,1
21,Flavour,23,2
21,Flavour,24,3
21,Flavour,25,1
21,Flavour,26,3
21,Flavour,27,1
21,Flavour,28,1
21,Flavour,29,4
21,Flavour,30,4
22,Sugar,1,15
22,Sugar,2,14
22,Sugar,3,9
22,Sugar,4,9
22,Sugar,5,15
22,Sugar,6,10
22,Sugar,7,11
22,Sugar,8,12
22,Sugar,9,12
22,Sugar,10,15
22,Sugar,11,6
22,Sugar,12,13
22,Sugar,13,11
22,Sugar,14,8
22,Sugar,15,8
22,Sugar,16,15
22,Sugar,17,12
22,Sugar,18,8
22,Sugar,19,10
22,Sugar,20,9
22,Sugar,21,7
22,Sugar,22,14
22,Sugar,23,15
22,Sugar,24,6
22,Sugar,25,13
22,Sugar,26,14
22,Sugar,27,13
22,Sugar,28,5
22,Sugar,29,14
22,Sugar,30,7
22,PowderMilk,1,10
22,PowderMilk,2,8
22,PowderMilk,3,7
22,PowderMilk,4,7
22,PowderMilk,5,8
22,PowderMilk,6,9
22,PowderMilk,7,9
22,PowderMilk,8,3
22,PowderMilk,9,3
22,PowderMilk,10,5
22,PowderMilk,11,6
22,PowderMilk,12,4
22,PowderMilk,13,3
22,PowderMilk,14,7
22,PowderMilk,15,5
22,PowderMilk,16,4
22,PowderMilk,17,5
22,PowderMilk,18,4
22,PowderMilk,19,4
22,PowderMilk,20,8
22,PowderMilk,21,3
22,PowderMilk,22,10
22,PowderMilk,23,5
22,PowderMilk,24,10
22,PowderMilk,25,5
22,PowderMilk,26,8
22,PowderMilk,27,7
22,PowderMilk,28,10
22,PowderMilk,29,7
22,PowderMilk,30,9
22,Flavour,1,1
22,Flavour,2,1
22,Flavour,3,4
22,Flavour,4,2
22,Flavour,5,1
22,Flavour,6,2
22,Flavour,7,3
22,Flavour,8,1
22,Flavour,9,4
22,Flavour,10,3
22,Flavour,11,3
22,Flavour,12,4
22,Flavour,13,1
22,Flavour,14,1
22,Flavour,15,3
22,Flavour,16,1
22,Flavour,17,2
22,Flavour,18,4
22,Flavour,19,2
22,Flavour,20,1
22,Flavour,21,3
22,Flavour,22,4
22,Flavour,23,1
22,Flavour,24,1
22,Flavour,25,3
22,Flavour,26,3
22,Flavour,27,2
22,Flavour,28,4
22,Flavour,29,4
22,Flavour,30,3
23,Sugar,1,10
23,Sugar,2,12
23,Sugar,3,15
23,Sugar,4,9
23,Sugar,5,14
23,Sugar,6,6
23,Sugar,7,10
23,Sugar,8,9
23,Sugar,9,9
23,Sugar,10,5
23,Sugar,11,6
23,Sugar,12,12
23,Sugar,13,7
23,Sugar,14,14
23,Sugar,15,7
23,Sugar,16,12
23,Sugar,17,12
23,Sugar,18,6
23,Sugar,19,12
23,Sugar,20,15
23,Sugar,21,5
23,Sugar,22,10
23,Sugar,23,12
23,Sugar,24,7
23,Sugar,25,12
23,Sugar,26,5
23,Sugar,27,15
23,Sugar,28,15
23,Sugar,29,13
23,Sugar,30,15
23,PowderMilk,1,7
23,PowderMilk,2,3
23,PowderMilk,3,7
23,PowderMilk,4,4
23,PowderMilk,5,6
23,PowderMilk,6,9
23,PowderMilk,7,5
23,PowderMilk,8,8
23,PowderMilk,9,6
23,PowderMilk,10,9
23,PowderMilk,11,7
23,PowderMilk,12,5
23,PowderMilk,13,7
23,PowderMilk,14,4
23,PowderMilk,15,3
23,PowderMilk,16,5
23,PowderMilk,17,9
23,PowderMilk,18,9
23,PowderMilk,19,4
23,PowderMilk,20,4
23,PowderMilk,21,10
23,PowderMilk,22,5
23,PowderMilk,23,7
23,PowderMilk,24,8
23,PowderMilk,25,9
23,PowderMilk,26,9
23,PowderMilk,27,4
23,PowderMilk,28,6
23,PowderMilk,29,4
23,PowderMilk,30,8
23,Flavour,1,1
23,Flavour,2,1
23,Flavour,3,4
23,Flavour,4,3
23,Flavour,5,2
23,Flavour,6,4
23,Flavour,7,1
23,Flavour,8,2
23,Flavour,9,3
23,Flavour,10,1
23,Flavour,11,1
23,Flavour,12,1
23,Flavour,13,4
23,Flavour,14,3
23,Flavour,15,2
23,Flavour,16,4
23,Flavour,17,9
23,Flavour,18,4
23,Flavour,19,1
23,Flavour,20,3
23,Flavour,21,4
23,Flavour,22,2
23,Flavour,23,3
23,Flavour,24,2
23,Flavour,25,3
23,Flavour,26,2
23,Flavour,27,1
23,Flavour,28,4
23,Flavour,29,2
23,Flavour,30,3
24,Sugar,1,9
24,Sugar,2,10
24,Sugar,3,8
24,Sugar,4,8
24,Sugar,5,8
24,Sugar,6,6
24,Sugar,7,8
24,Sugar,8,15
24,Sugar,9,5
24,Sugar,10,10
24,Sugar,11,5
24,Sugar,12,14
24,Sugar,13,10
24,Sugar,14,5
24,Sugar,15,10
24,Sugar,16,14
24,Sugar,17,12
24,Sugar,18,15
24,Sugar,19,6
24,Sugar,20,6
24,Sugar,21,8
24,Sugar,22,15
24,Sugar,23,7
24,Sugar,24,8
24,Sugar,25,11
24,Sugar,26,15
24,Sugar,27,5
24,Sugar,28,10
24,Sugar,29,7
24,Sugar,30,15
24,PowderMilk,1,4
24,PowderMilk,2,9
24,PowderMilk,3,4
24,PowderMilk,4,4
24,PowderMilk,5,8
24,PowderMilk,6,4
24,PowderMilk,7,7
24,PowderMilk,8,6
24,PowderMilk,9,3
24,PowderMilk,10,5
24,PowderMilk,11,7
24,PowderMilk,12,3
24,PowderMilk,13,9
24,PowderMilk,14,9
24,PowderMilk,15,9
24,PowderMilk,16,7
24,PowderMilk,17,7
24,PowderMilk,18,5
24,PowderMilk,19,6
24,PowderMilk,20,10
24,PowderMilk,21,4
24,PowderMilk,22,9
24,PowderMilk,23,8
24,PowderMilk,24,6
24,PowderMilk,25,8
24,PowderMilk,26,5
24,PowderMilk,27,5
24,PowderMilk,28,5
24,PowderMilk,29,3
24,PowderMilk,30,8
24,Flavour,1,4
24,Flavour,2,4
24,Flavour,3,4
24,Flavour,4,1
24,Flavour,5,1
24,Flavour,6,3
24,Flavour,7,4
24,Flavour,8,1
24,Flavour,9,3
24,Flavour,10,4
24,Flavour,11,2
24,Flavour,12,3
24,Flavour,13,1
24,Flavour,14,1
24,Flavour,15,3
24,Flavour,16,3
24,Flavour,17,1
24,Flavour,18,2
24,Flavour,19,4
24,Flavour,20,2
24,Flavour,21,3
24,Flavour,22,2
24,Flavour,23,1
24,Flavour,24,3
24,Flavour,25,4
24,Flavour,26,1
24,Flavour,27,1
24,Flavour,28,4
24,Flavour,29,4
24,Flavour,30,2
25,Sugar,1,15
25,Sugar,2,12
25,Sugar,3,13
25,Sugar,4,5
25,Sugar,5,9
25,Sugar,6,12
25,Sugar,7,15
25,Sugar,8,6
25,Sugar,9,8
25,Sugar,10,11
25,Sugar,11,7
25,Sugar,12,9
25,Sugar,13,12
25,Sugar,14,14
25,Sugar,15,7
25,Sugar,16,8
25,Sugar,17,13
25,Sugar,18,11
25,Sugar,19,5
25,Sugar,20,8
25,Sugar,21,8
25,Sugar,22,13
25,Sugar,23,10
25,Sugar,24,13
25,Sugar,25,10
25,Sugar,26,10
25,Sugar,27,9
25,Sugar,28,9
25,Sugar,29,6
25,Sugar,30,12
25,PowderMilk,1,10
25,PowderMilk,2,5
25,PowderMilk,3,10
25,PowderMilk,4,7
25,PowderMilk,5,3
25,PowderMilk,6,10
25,PowderMilk,7,7
25,PowderMilk,8,4
25,PowderMilk,9,8
25,PowderMilk,10,10
25,PowderMilk,11,4
25,PowderMilk,12,8
25,PowderMilk,13,9
25,PowderMilk,14,9
25,PowderMilk,15,8
25,PowderMilk,16,10
25,PowderMilk,17,5
25,PowderMilk,18,7
25,PowderMilk,19,3
25,PowderMilk,20,3
25,PowderMilk,21,6
25,PowderMilk,22,18
25,PowderMilk,23,3
25,PowderMilk,24,10
25,PowderMilk,25,5
25,PowderMilk,26,8
25,PowderMilk,27,5
25,PowderMilk,28,10
25,PowderMilk,29,3
25,PowderMilk,30,3
25,Flavour,1,4
25,Flavour,2,1
25,Flavour,3,2
25,Flavour,4,4
25,Flavour,5,3
25,Flavour,6,4
25,Flavour,7,2
25,Flavour,8,2
25,Flavour,9,4
25,Flavour,10,4
25,Flavour,11,1
25,Flavour,12,2
25,Flavour,13,4
25,Flavour,14,4
25,Flavour,15,2
25,Flavour,16,4
25,Flavour,17,1
25,Flavour,18,2
25,Flavour,19,1
25,Flavour,20,1
25,Flavour,21,1
25,Flavour,22,1
25,Flavour,23,2
25,Flavour,24,1
25,Flavour,25,1
25,Flavour,26,4
25,Flavour,27,2
25,Flavour,28,2
25,Flavour,29,3
25,Flavour,30,2
26,Sugar,1,10
26,Sugar,2,11
26,Sugar,3,14
26,Sugar,4,14
26,Sugar,5,6
26,Sugar,6,6
26,Sugar,7,14
26,Sugar,8,11
26,Sugar,9,5
26,Sugar,10,12
26,Sugar,11,15
26,Sugar,12,7
26,Sugar,13,15
26,Sugar,14,10
26,Sugar,15,13
26,Sugar,16,10
26,Sugar,17,13
26,Sugar,18,11
26,Sugar,19,13
26,Sugar,20,6
26,Sugar,21,12
26,Sugar,22,12
26,Sugar,23,6
26,Sugar,24,8
26,Sugar,25,15
26,Sugar,26,11
26,Sugar,27,15
26,Sugar,28,8
26,Sugar,29,8
26,Sugar,30,10
26,PowderMilk,1,4
26,PowderMilk,2,8
26,PowderMilk,3,4
26,PowderMilk,4,9
26,PowderMilk,5,5
26,PowderMilk,6,9
26,PowderMilk,7,3
26,PowderMilk,8,6
26,PowderMilk,9,4
26,PowderMilk,10,8
26,PowderMilk,11,5
26,PowderMilk,12,4
26,PowderMilk,13,8
26,PowderMilk,14,6
26,PowderMilk,15,9
26,PowderMilk,16,6
26,PowderMilk,17,7
26,PowderMilk,18,3
26,PowderMilk,19,7
26,PowderMilk,20,5
26,PowderMilk,21,4
26,PowderMilk,22,5
26,PowderMilk,23,9
26,PowderMilk,24,8
26,PowderMilk,25,6
26,PowderMilk,26,7
26,PowderMilk,27,10
26,PowderMilk,28,7
26,PowderMilk,29,9
26,PowderMilk,30,7
26,Flavour,1,3
26,Flavour,2,4
26,Flavour,3,3
26,Flavour,4,4
26,Flavour,5,2
26,Flavour,6,2
26,Flavour,7,2
26,Flavour,8,3
26,Flavour,9,2
26,Flavour,10,1
26,Flavour,11,4
26,Flavour,12,4
26,Flavour,13,1
26,Flavour,14,3
26,Flavour,15,3
26,Flavour,16,4
26,Flavour,17,2
26,Flavour,18,3
26,Flavour,19,3
26,Flavour,20,1
26,Flavour,21,1
26,Flavour,22,2
26,Flavour,23,3
26,Flavour,24,3
26,Flavour,25,1
26,Flavour,26,3
26,Flavour,27,4
26,Flavour,28,1
26,Flavour,29,2
26,Flavour,30,1
27,Sugar,1,14
27,Sugar,2,12
27,Sugar,3,8
27,Sugar,4,9
27,Sugar,5,8
27,Sugar,6,8
27,Sugar,7,12
27,Sugar,8,6
27,Sugar,9,5
27,Sugar,10,7
27,Sugar,11,13
27,Sugar,12,8
27,Sugar,13,14
27,Sugar,14,9
27,Sugar,15,6
27,Sugar,16,8
27,Sugar,17,6
27,Sugar,18,6
27,Sugar,19,8
27,Sugar,20,10
27,Sugar,21,11
27,Sugar,22,14
27,Sugar,23,7
27,Sugar,24,7
27,Sugar,25,14
27,Sugar,26,10
27,Sugar,27,7
27,Sugar,28,6
27,Sugar,29,12
27,Sugar,30,9
27,PowderMilk,1,9
27,PowderMilk,2,3
27,PowderMilk,3,5
27,PowderMilk,4,4
27,PowderMilk,5,10
27,PowderMilk,6,6
27,PowderMilk,7,10
27,PowderMilk,8,8
27,PowderMilk,9,9
27,PowderMilk,10,4
27,PowderMilk,11,6
27,PowderMilk,12,8
27,PowderMilk,13,8
27,PowderMilk,14,4
27,PowderMilk,15,9
27,PowderMilk,16,7
27,PowderMilk,17,7
27,PowderMilk,18,8
27,PowderMilk,19,7
27,PowderMilk,20,3
27,PowderMilk,21,8
27,PowderMilk,22,8
27,PowderMilk,23,6
27,PowderMilk,24,7
27,PowderMilk,25,9
27,PowderMilk,26,8
27,PowderMilk,27,10
27,PowderMilk,28,9
27,PowderMilk,29,3
27,PowderMilk,30,6
27,Flavour,1,2
27,Flavour,2,3
27,Flavour,3,2
27,Flavour,4,1
27,Flavour,5,3
27,Flavour,6,1
27,Flavour,7,1
27,Flavour,8,4
27,Flavour,9,2
27,Flavour,10,3
27,Flavour,11,1
27,Flavour,12,1
27,Flavour,13,3
27,Flavour,14,1
27,Flavour,15,4
27,Flavour,16,4
27,Flavour,17,4
27,Flavour,18,4
27,Flavour,19,1
27,Flavour,20,3
27,Flavour,21,3
27,Flavour,22,3
27,Flavour,23,3
27,Flavour,24,2
27,Flavour,25,3
27,Flavour,26,2
27,Flavour,27,2
27,Flavour,28,4
27,Flavour,29,2
27,Flavour,30,1
28,Sugar,1,14
28,Sugar,2,13
28,Sugar,3,5
28,Sugar,4,9
28,Sugar,5,8
28,Sugar,6,12
28,Sugar,7,15
28,Sugar,8,5
28,Sugar,9,13
28,Sugar,10,10
28,Sugar,11,8
28,Sugar,12,13
28,Sugar,13,15
28,Sugar,14,9
28,Sugar,15,9
28,Sugar,16,9
28,Sugar,17,5
28,Sugar,18,5
28,Sugar,19,12
28,Sugar,20,12
28,Sugar,21,10
28,Sugar,22,15
28,Sugar,23,8
28,Sugar,24,6
28,Sugar,25,6
28,Sugar,26,13
28,Sugar,27,9
28,Sugar,28,8
28,Sugar,29,14
28,Sugar,30,5
28,PowderMilk,1,9
28,PowderMilk,2,5
28,PowderMilk,3,8
28,PowderMilk,4,7
28,PowderMilk,5,7
28,PowderMilk,6,5
28,PowderMilk,7,7
28,PowderMilk,8,3
28,PowderMilk,9,3
28,PowderMilk,10,5
28,PowderMilk,11,8
28,PowderMilk,12,6
28,PowderMilk,13,4
28,PowderMilk,14,6
28,PowderMilk,15,7
28,PowderMilk,16,4
28,PowderMilk,17,10
28,PowderMilk,18,5
28,PowderMilk,19,5
28,PowderMilk,20,8
28,PowderMilk,21,4
28,PowderMilk,22,3
28,PowderMilk,23,4
28,PowderMilk,24,7
28,PowderMilk,25,3
28,PowderMilk,26,9
28,PowderMilk,27,9
28,PowderMilk,28,10
28,PowderMilk,29,9
28,PowderMilk,30,5
28,Flavour,1,2
28,Flavour,2,3
28,Flavour,3,4
28,Flavour,4,2
28,Flavour,5,4
28,Flavour,6,3
28,Flavour,7,4
28,Flavour,8,2
28,Flavour,9,1
28,Flavour,10,4
28,Flavour,11,4
28,Flavour,12,2
28,Flavour,13,2
28,Flavour,14,4
28,Flavour,15,3
28,Flavour,16,4
28,Flavour,17,2
28,Flavour,18,1
28,Flavour,19,1
28,Flavour,20,3
28,Flavour,21,4
28,Flavour,22,1
28,Flavour,23,4
28,Flavour,24,2
28,Flavour,25,1
28,Flavour,26,3
28,Flavour,27,2
28,Flavour,28,3
28,Flavour,29,2
28,Flavour,30,1
29,Sugar,1,11
29,Sugar,2,11
29,Sugar,3,14
29,Sugar,4,15
29,Sugar,5,14
29,Sugar,6,6
29,Sugar,7,6
29,Sugar,8,5
29,Sugar,9,14
29,Sugar,10,12
29,Sugar,11,12
29,Sugar,12,5
29,Sugar,13,15
29,Sugar,14,12
29,Sugar,15,13
29,Sugar,16,8
29,Sugar,17,5
29,Sugar,18,5
29,Sugar,19,7
29,Sugar,20,9
29,Sugar,21,9
29,Sugar,22,13
29,Sugar,23,14
29,Sugar,24,6
29,Sugar,25,6
29,Sugar,26,10
29,Sugar,27,13
29,Sugar,28,5
29,Sugar,29,13
29,Sugar,30,13
29,PowderMilk,1,10
29,PowderMilk,2,7
29,PowderMilk,3,3
29,PowderMilk,4,7
29,PowderMilk,5,7
29,PowderMilk,6,9
29,PowderMilk,7,3
29,PowderMilk,8,5
29,PowderMilk,9,6
29,PowderMilk,10,4
29,PowderMilk,11,7
29,PowderMilk,12,8
29,PowderMilk,13,8
29,PowderMilk,14,6
29,PowderMilk,15,8
29,PowderMilk,16,5
29,PowderMilk,17,8
29,PowderMilk,18,4
29,PowderMilk,19,4
29,PowderMilk,20,7
29,PowderMilk,21,3
29,PowderMilk,22,9
29,PowderMilk,23,5
29,PowderMilk,24,7
29,PowderMilk,25,5
29,PowderMilk,26,3
29,PowderMilk,27,10
29,PowderMilk,28,8
29,PowderMilk,29,8
29,PowderMilk,30,9
29,Flavour,1,1
29,Flavour,2,1
29,Flavour,3,3
29,Flavour,4,1
29,Flavour,5,4
29,Flavour,6,2
29,Flavour,7,3
29,Flavour,8,3
29,Flavour,9,1
29,Flavour,10,3
29,Flavour,11,4
29,Flavour,12,1
29,Flavour,13,1
29,Flavour,14,1
29,Flavour,15,1
29,Flavour,16,4
29,Flavour,17,1
29,Flavour,18,3
29,Flavour,19,4
29,Flavour,20,2
29,Flavour,21,2
29,Flavour,22,3
29,Flavour,23,3
29,Flavour,24,4
29,Flavour,25,2
29,Flavour,26,2
29,Flavour,27,2
29,Flavour,28,2
29,Flavour,29,2
29,Flavour,30,1
30,Sugar,1,7
30,Sugar,2,9
30,Sugar,3,14
30,Sugar,4,12
30,Sugar,5,6
30,Sugar,6,10
30,Sugar,7,9
30,Sugar,8,14
30,Sugar,9,13
30,Sugar,10,9
30,Sugar,11,6
30,Sugar,12,9
30,Sugar,13,8
30,Sugar,14,15
30,Sugar,15,11
30,Sugar,16,10
30,Sugar,17,6
30,Sugar,18,15
30,Sugar,19,15
30,Sugar,20,9
30,Sugar,21,11
30,Sugar,22,15
30,Sugar,23,11
30,Sugar,24,9
30,Sugar,25,13
30,Sugar,26,8
30,Sugar,27,15
30,Sugar,28,7
30,Sugar,29,8
30,Sugar,30,9
30,PowderMilk,1,7
30,PowderMilk,2,8
30,PowderMilk,3,5
30,PowderMilk,4,4
30,PowderMilk,5,8
30,PowderMilk,6,7
30,PowderMilk,7,6
30,PowderMilk,8,10
30,PowderMilk,9,7
30,PowderMilk,10,6
30,PowderMilk,11,8
30,PowderMilk,12,5
30,PowderMilk,13,7
30,PowderMilk,14,9
30,PowderMilk,15,6
30,PowderMilk,16,5
30,PowderMilk,17,10
30,PowderMilk,18,10
30,PowderMilk,19,4
30,PowderMilk,20,6
30,PowderMilk,21,8
30,PowderMilk,22,4
30,PowderMilk,23,4
30,PowderMilk,24,3
30,PowderMilk,25,7
30,PowderMilk,26,6
30,PowderMilk,27,4
30,PowderMilk,28,3
30,PowderMilk,29,8
30,PowderMilk,30,5
30,Flavour,1,3
30,Flavour,2,3
30,Flavour,3,4
30,Flavour,4,2
30,Flavour,5,3
30,Flavour,6,1
30,Flavour,7,3
30,Flavour,8,3
30,Flavour,9,3
30,Flavour,10,4
30,Flavour,11,1
30,Flavour,12,2
30,Flavour,13,1
30,Flavour,14,2
30,Flavour,15,4
30,Flavour,16,4
30,Flavour,17,4
30,Flavour,18,4
30,Flavour,19,2
30,Flavour,20,3
30,Flavour,21,2
30,Flavour,22,1
30,Flavour,23,4
30,Flavour,24,4
30,Flavour,25,1
30,Flavour,26,2
30,Flavour,27,3
30,Flavour,28,3
30,Flavour,29,1
30,Flavour,30,3
